,reward,log_return,portfolio_value,return,rate_of_return,weights_mean,weights_std,weights,cost,long_position,short_position,price_change,market_value,date,steps,next_obs,DataTime
0,0.0,0.0,1.0,1.0276272794748234,0.0,0.032258063554763794,0.11316492408514023,"[0.     0.     0.     0.0015 0.1023 0.     0.3516 0.     0.     0.
 0.     0.     0.     0.     0.     0.5433 0.     0.0013 0.     0.
 0.     0.     0.     0.     0.     0.     0.     0.     0.     0.
 0.    ]",0.0,1.0,0.0,"[1.         1.02051761 1.05224291 1.05378138 1.02547695 1.05491939
 1.01126795 1.02278435 1.01153632 1.02959236 1.02505656 1.02722554
 1.02158541 1.03316314 1.01279485 1.02627812 1.02051761 1.05224291
 1.05378138 1.02547695 1.05491939 1.01126795 1.02278435 1.01153632
 1.02959236 1.02505656 1.02722554 1.02158541 1.03316314 1.01279485
 1.02627812]",1.0276272794748234,2016-07-01,1.0,"[[[1.00000000e+00 1.00000000e+00 1.00000000e+00 1.00000000e+00
   1.00000000e+00]]

 [[1.56694550e+00 1.61361294e+00 2.01400140e+01 8.72852576e-02
   1.00000000e+00]]

 [[2.19295382e+00 2.33283096e+00 1.71417924e+05 1.35470344e-05
   1.00000000e+00]]

 [[2.52708693e+00 2.64675660e+00 7.65610875e+04 9.14022727e-05
   1.00000000e+00]]

 [[1.70944112e+00 1.76970680e+00 2.12189463e+02 7.58543202e-03
   1.00000000e+00]]

 [[2.26293053e+00 2.50472186e+00 2.35901066e+04 1.67429446e-04
   1.00000000e+00]]

 [[1.28856034e+00 1.32152242e+00 9.06674477e+00 2.02488840e-01
   1.00000000e+00]]

 [[1.63529326e+00 1.76503133e+00 1.08039183e+04 1.03409435e-04
   1.00000000e+00]]

 [[1.49330651e+00 1.51822287e+00 4.59072957e+01 4.00523119e-02
   1.00000000e+00]]

 [[1.56666014e+00 1.63255888e+00 3.52374291e+02 6.09137682e-03
   1.00000000e+00]]

 [[1.68808113e+00 1.74574866e+00 2.05247422e+02 1.13634221e-02
   1.00000000e+00]]

 [[1.71548987e+00 1.76202784e+00 4.01485573e+02 6.60989783e-03
   1.00000000e+00]]

 [[1.33993625e+00 1.37212361e+00 2.78916032e+00 6.50497191e-01
   1.00000000e+00]]

 [[2.07651874e+00 2.14634021e+00 7.20069539e+07 9.48871594e-09
   1.00000000e+00]]

 [[1.55521403e+00 1.56409919e+00 8.42550548e+01 2.63754023e-02
   1.00000000e+00]]

 [[2.23310076e+00 2.28212783e+00 3.30010422e+02 9.25336343e-03
   1.00000000e+00]]]",2005-03-01
1,0.020896916847728327,0.020896916847728327,1.0211167862749124,1.0199673716895725,0.021116786274912425,0.03225806728005409,0.11315765976905823,"[0.     0.     0.     0.0015 0.103  0.     0.3502 0.     0.     0.
 0.     0.     0.     0.     0.     0.544  0.     0.0013 0.     0.
 0.     0.     0.     0.     0.     0.     0.     0.     0.     0.
 0.    ]",0.0,1.0197904742668438,0.0013263120080686315,"[1.         1.01534639 1.02467818 1.04291251 1.02411388 1.02759076
 0.99885349 1.01281993 1.01078794 1.02800707 1.01515502 1.02220541
 1.01543946 1.02657429 1.00999731 1.03501263 1.01534639 1.02467818
 1.04291251 1.02411388 1.02759076 0.99885349 1.01281993 1.01078794
 1.02800707 1.01515502 1.02220541 1.01543946 1.02657429 1.00999731
 1.03501263]",1.0481462953224414,2016-07-01,2.0,"[[[1.00000000e+00 1.00000000e+00 1.00000000e+00 1.00000000e+00
   1.00000000e+00]]

 [[1.57128299e+00 1.61828278e+00 2.06354842e+01 8.41376072e-02
   1.00000000e+00]]

 [[2.24168040e+00 2.36804297e+00 1.82785208e+05 1.27350000e-05
   1.00000000e+00]]

 [[2.58008631e+00 2.68441817e+00 8.25662494e+04 8.87097520e-05
   1.00000000e+00]]

 [[1.71959759e+00 1.79322310e+00 2.18905000e+02 7.21385477e-03
   1.00000000e+00]]

 [[2.31851469e+00 2.55639360e+00 2.61958722e+04 1.56174862e-04
   1.00000000e+00]]

 [[1.29538004e+00 1.34957913e+00 9.16262854e+00 2.00974634e-01
   1.00000000e+00]]

 [[1.70104287e+00 1.84390534e+00 1.21980470e+04 1.02394530e-04
   1.00000000e+00]]

 [[1.49772559e+00 1.53019860e+00 4.71200560e+01 3.84545860e-02
   1.00000000e+00]]

 [[1.58875891e+00 1.66263464e+00 3.72679921e+02 5.83205770e-03
   1.00000000e+00]]

 [[1.68591476e+00 1.76383274e+00 2.11281697e+02 1.08437648e-02
   1.00000000e+00]]

 [[1.72744929e+00 1.78107498e+00 4.15130284e+02 6.35318318e-03
   1.00000000e+00]]

 [[1.35649879e+00 1.38241171e+00 2.91181439e+00 6.25793705e-01
   1.00000000e+00]]

 [[2.08192020e+00 2.16818936e+00 7.80550024e+07 8.74013881e-09
   1.00000000e+00]]

 [[1.55148735e+00 1.57519521e+00 8.50695628e+01 2.53409367e-02
   1.00000000e+00]]

 [[2.23210171e+00 2.30922367e+00 3.40076059e+02 8.72566968e-03
   1.00000000e+00]]]",2005-04-01
2,0.0022211619054446747,0.0022211619054446747,1.0233873727181455,1.0101183842315047,0.002223630512937058,0.032258063554763794,0.11313709616661072,"[0.     0.     0.     0.0014 0.1038 0.     0.349  0.     0.     0.
 0.     0.     0.     0.     0.     0.5445 0.     0.0013 0.     0.
 0.     0.     0.     0.     0.     0.     0.     0.     0.     0.
 0.    ]",0.0,1.0220673804373324,0.0013199922808131638,"[1.         1.00276812 1.02221961 1.02097252 1.00594139 1.02456291
 1.0052925  1.04020662 1.00295926 1.01410566 0.99871667 1.00697143
 1.0123607  1.00260121 0.99760375 0.99955262 1.00276812 1.02221961
 1.02097252 1.00594139 1.02456291 1.0052925  1.04020662 1.00295926
 1.01410566 0.99871667 1.00697143 1.0123607  1.00260121 0.99760375
 0.99955262]",1.058751842269342,2016-07-01,3.0,"[[[1.00000000e+00 1.00000000e+00 1.00000000e+00 1.00000000e+00
   1.00000000e+00]]

 [[1.57583033e+00 1.63351696e+00 2.11127603e+01 8.23151086e-02
   1.00000000e+00]]

 [[2.27551656e+00 2.43933114e+00 1.93229220e+05 1.23962490e-05
   1.00000000e+00]]

 [[2.61679921e+00 2.75651216e+00 8.78051822e+04 8.63226196e-05
   1.00000000e+00]]

 [[1.74244802e+00 1.81514162e+00 2.27155476e+02 7.08224089e-03
   1.00000000e+00]]

 [[2.36634503e+00 2.57063474e+00 2.77597657e+04 1.51343777e-04
   1.00000000e+00]]

 [[1.32288174e+00 1.39209227e+00 9.44575377e+00 1.97759124e-01
   1.00000000e+00]]

 [[1.77705743e+00 1.91809861e+00 1.35837452e+04 1.00846212e-04
   1.00000000e+00]]

 [[1.50953964e+00 1.54483625e+00 4.91483118e+01 3.73588769e-02
   1.00000000e+00]]

 [[1.61802777e+00 1.70210758e+00 3.96668463e+02 5.61806331e-03
   1.00000000e+00]]

 [[1.70337903e+00 1.78529336e+00 2.22569212e+02 1.06393959e-02
   1.00000000e+00]]

 [[1.74612264e+00 1.80998502e+00 4.35331873e+02 6.09588217e-03
   1.00000000e+00]]

 [[1.36666973e+00 1.39497801e+00 2.98599399e+00 6.16941851e-01
   1.00000000e+00]]

 [[2.10311357e+00 2.19093732e+00 8.67108261e+07 7.82920134e-09
   1.00000000e+00]]

 [[1.56249389e+00 1.58744151e+00 8.94288928e+01 2.48909691e-02
   1.00000000e+00]]

 [[2.25860359e+00 2.33096756e+00 3.59161102e+02 8.45575138e-03
   1.00000000e+00]]]",2005-05-01
3,0.015138777475290861,0.015138777475290861,1.0389980717335063,1.0139469136940173,0.01525394921953982,0.03225806728005409,0.11312904953956604,"[0.     0.     0.     0.0014 0.1046 0.     0.3475 0.     0.     0.
 0.     0.     0.     0.     0.     0.5453 0.     0.0012 0.     0.
 0.     0.     0.     0.     0.     0.     0.     0.     0.     0.
 0.    ]",0.0,1.0376972178704849,0.001300853863021444,"[1.         1.00289403 1.01509411 1.01422933 1.01328825 1.02062973
 1.0212306  1.04468703 1.007888   1.01842247 1.01035892 1.01080978
 1.00749794 1.01017972 1.00709419 1.01187306 1.00289403 1.01509411
 1.01422933 1.01328825 1.02062973 1.0212306  1.04468703 1.007888
 1.01842247 1.01035892 1.01080978 1.00749794 1.01017972 1.00709419
 1.01187306]",1.0735181628368544,2016-07-01,4.0,"[[[1.00000000e+00 1.00000000e+00 1.00000000e+00 1.00000000e+00
   1.00000000e+00]]

 [[1.59066487e+00 1.63984141e+00 2.20428995e+01 8.18733646e-02
   1.00000000e+00]]

 [[2.34401930e+00 2.48469780e+00 2.12726048e+05 1.22115449e-05
   1.00000000e+00]]

 [[2.68707719e+00 2.85110554e+00 9.46377403e+04 8.35038140e-05
   1.00000000e+00]]

 [[1.76374592e+00 1.82222311e+00 2.37720159e+02 7.03102449e-03
   1.00000000e+00]]

 [[2.37952745e+00 2.58017661e+00 2.92467650e+04 1.41188610e-04
   1.00000000e+00]]

 [[1.36455388e+00 1.41133820e+00 9.86136693e+00 1.98985230e-01
   1.00000000e+00]]

 [[1.84856094e+00 1.90259596e+00 1.45207348e+04 1.00627084e-04
   1.00000000e+00]]

 [[1.52397966e+00 1.55247738e+00 5.48593456e+01 3.66884668e-02
   1.00000000e+00]]

 [[1.65644169e+00 1.71424567e+00 4.28957632e+02 5.56518666e-03
   1.00000000e+00]]

 [[1.72410411e+00 1.79547878e+00 2.36012393e+02 1.00733411e-02
   1.00000000e+00]]

 [[1.77446534e+00 1.82428147e+00 4.59556736e+02 6.05135883e-03
   1.00000000e+00]]

 [[1.37909294e+00 1.39574762e+00 3.05839709e+00 6.18201001e-01
   1.00000000e+00]]

 [[2.12517877e+00 2.20866499e+00 9.42791464e+07 7.11712373e-09
   1.00000000e+00]]

 [[1.57464145e+00 1.59634925e+00 9.33964722e+01 2.47440831e-02
   1.00000000e+00]]

 [[2.27987083e+00 2.36177796e+00 3.87466741e+02 8.15544659e-03
   1.00000000e+00]]]",2005-06-01
4,0.0172104311136881,0.0172104311136881,1.0570344381009336,1.0164119099688025,0.01735938387001501,0.032258063554763794,0.1131301075220108,"[0.     0.     0.     0.0014 0.1054 0.     0.3458 0.     0.     0.
 0.     0.     0.     0.     0.     0.5462 0.     0.0012 0.     0.
 0.     0.     0.     0.     0.     0.     0.     0.     0.     0.
 0.    ]",0.0,1.0557692068714846,0.0012652312294489433,"[1.         1.00941379 1.03010426 1.02685647 1.01222297 1.00557079
 1.03150103 1.04023703 1.00956585 1.0237412  1.01216704 1.01623179
 1.00909013 1.01049168 1.00777447 1.0094161  1.00941379 1.03010426
 1.02685647 1.01222297 1.00557079 1.03150103 1.04023703 1.00956585
 1.0237412  1.01216704 1.01623179 1.00909013 1.01049168 1.00777447
 1.0094161 ]",1.091136646275207,2016-07-01,5.0,"[[[1.00000000e+00 1.00000000e+00 1.00000000e+00 1.00000000e+00
   1.00000000e+00]]

 [[1.59682341e+00 1.66045239e+00 2.28350882e+01 8.07463394e-02
   1.00000000e+00]]

 [[2.38761335e+00 2.57010587e+00 2.28574370e+05 1.12846886e-05
   1.00000000e+00]]

 [[2.77928782e+00 3.02707811e+00 1.05986451e+05 8.18175774e-05
   1.00000000e+00]]

 [[1.77062690e+00 1.85124647e+00 2.46998067e+02 6.90493001e-03
   1.00000000e+00]]

 [[2.38835995e+00 2.71954761e+00 3.08987626e+04 1.35978750e-04
   1.00000000e+00]]

 [[1.38341908e+00 1.45620454e+00 1.01446645e+01 1.98487767e-01
   1.00000000e+00]]

 [[1.83362031e+00 1.94966973e+00 1.51131808e+04 9.67864435e-05
   1.00000000e+00]]

 [[1.53151763e+00 1.56990132e+00 5.69392283e+01 3.60831071e-02
   1.00000000e+00]]

 [[1.66825412e+00 1.75403229e+00 4.52636416e+02 5.45110033e-03
   1.00000000e+00]]

 [[1.73394043e+00 1.83003102e+00 2.45053626e+02 9.88094025e-03
   1.00000000e+00]]

 [[1.78848124e+00 1.86705646e+00 4.87737541e+02 5.91036217e-03
   1.00000000e+00]]

 [[1.37985379e+00 1.41220687e+00 3.15287454e+00 6.08712915e-01
   1.00000000e+00]]

 [[2.14237437e+00 2.27705667e+00 1.04965912e+08 6.74205131e-09
   1.00000000e+00]]

 [[1.58347737e+00 1.60915216e+00 9.68645186e+01 2.44205934e-02
   1.00000000e+00]]

 [[2.31000585e+00 2.40853866e+00 4.11209985e+02 7.93821212e-03
   1.00000000e+00]]]",2005-07-01
5,0.012358946918299469,0.012358946918299469,1.0701793318180133,1.0079545606315665,0.012435634302223608,0.032258063554763794,0.11310337483882904,"[0.     0.     0.     0.0013 0.1064 0.     0.3444 0.     0.     0.
 0.     0.     0.     0.     0.     0.5467 0.     0.0012 0.     0.
 0.     0.     0.     0.     0.     0.     0.     0.     0.     0.
 0.    ]",0.0,1.0689199171517643,0.0012594146662491157,"[1.         1.00387168 1.01859799 1.03431633 1.00390134 1.00371187
 1.01382518 0.9919177  1.00494624 1.00713121 1.00570518 1.00789866
 1.0005517  1.00809137 1.00561138 1.01321786 1.00387168 1.01859799
 1.03431633 1.00390134 1.00371187 1.01382518 0.9919177  1.00494624
 1.00713121 1.00570518 1.00789866 1.0005517  1.00809137 1.00561138
 1.01321786]",1.0998161588853272,2016-07-01,6.0,"[[[1.00000000e+00 1.00000000e+00 1.00000000e+00 1.00000000e+00
   1.00000000e+00]]

 [[1.61689370e+00 1.67804225e+00 2.39881509e+01 8.02537867e-02
   1.00000000e+00]]

 [[2.46968427e+00 2.59199682e+00 2.53296436e+05 1.11713125e-05
   1.00000000e+00]]

 [[2.95082774e+00 3.13630302e+00 1.19701370e+05 8.24205976e-05
   1.00000000e+00]]

 [[1.79882846e+00 1.88111505e+00 2.62216141e+02 6.64494116e-03
   1.00000000e+00]]

 [[2.51736976e+00 2.80800657e+00 3.49761263e+04 1.33871079e-04
   1.00000000e+00]]

 [[1.42739787e+00 1.47712653e+00 1.06326798e+01 1.99142777e-01
   1.00000000e+00]]

 [[1.87898750e+00 1.94816925e+00 1.62648052e+04 9.42990319e-05
   1.00000000e+00]]

 [[1.54870634e+00 1.58161701e+00 5.97374820e+01 3.50461126e-02
   1.00000000e+00]]

 [[1.70697330e+00 1.75598561e+00 4.95509915e+02 5.32190926e-03
   1.00000000e+00]]

 [[1.76730842e+00 1.83664718e+00 2.58573369e+02 9.57853069e-03
   1.00000000e+00]]

 [[1.83041679e+00 1.88318741e+00 5.29195104e+02 5.88908486e-03
   1.00000000e+00]]

 [[1.39612561e+00 1.42607642e+00 3.29701132e+00 6.03146938e-01
   1.00000000e+00]]

 [[2.20871334e+00 2.29977128e+00 1.23636414e+08 6.47443772e-09
   1.00000000e+00]]

 [[1.59617704e+00 1.61814703e+00 1.01574564e+02 2.39466802e-02
   1.00000000e+00]]

 [[2.35574151e+00 2.40573203e+00 4.42783088e+02 7.71356072e-03
   1.00000000e+00]]]",2005-08-01
6,0.023236574165364364,0.023236574165364364,1.0953377995409381,1.0246993283283417,0.023508646611765327,0.032258063554763794,0.11308278888463974,"[0.     0.     0.     0.0013 0.1072 0.     0.3431 0.     0.     0.
 0.     0.     0.     0.     0.     0.5472 0.     0.0011 0.     0.
 0.     0.     0.     0.     0.     0.     0.     0.     0.     0.
 0.    ]",0.0,1.0941151795774964,0.001222619963441804,"[1.         1.01256889 1.03437362 1.06172082 1.01592744 1.05401607
 1.03178992 1.02474186 1.01122331 1.0232094  1.01924402 1.02344758
 1.01179242 1.03096516 1.00802012 1.01979894 1.01256889 1.03437362
 1.06172082 1.01592744 1.05401607 1.03178992 1.02474186 1.01122331
 1.0232094  1.01924402 1.02344758 1.01179242 1.03096516 1.00802012
 1.01979894]",1.1269808792944516,2016-07-01,7.0,"[[[1.00000000e+00 1.00000000e+00 1.00000000e+00 1.00000000e+00
   1.00000000e+00]]

 [[1.63402212e+00 1.67116506e+00 2.46637455e+01 7.70026171e-02
   1.00000000e+00]]

 [[2.49071988e+00 2.61834549e+00 2.70521188e+05 1.05789498e-05
   1.00000000e+00]]

 [[3.05730134e+00 3.13957462e+00 1.31728134e+05 8.15023022e-05
   1.00000000e+00]]

 [[1.82785131e+00 1.87461487e+00 2.71881935e+02 6.44684280e-03
   1.00000000e+00]]

 [[2.59925247e+00 2.80990989e+00 3.85286765e+04 1.28623333e-04
   1.00000000e+00]]

 [[1.44790599e+00 1.46547633e+00 1.08898192e+01 1.97816523e-01
   1.00000000e+00]]

 [[1.87754142e+00 2.01528007e+00 1.68861207e+04 8.93348260e-05
   1.00000000e+00]]

 [[1.56026386e+00 1.57537846e+00 6.16365790e+01 3.34957875e-02
   1.00000000e+00]]

 [[1.70887422e+00 1.78715583e+00 5.12820489e+02 5.01429345e-03
   1.00000000e+00]]

 [[1.77369783e+00 1.84167726e+00 2.66040167e+02 9.12186708e-03
   1.00000000e+00]]

 [[1.84623119e+00 1.88840687e+00 5.56360852e+02 5.60775577e-03
   1.00000000e+00]]

 [[1.40983721e+00 1.41887031e+00 3.37609416e+00 6.00026188e-01
   1.00000000e+00]]

 [[2.23074621e+00 2.32302286e+00 1.36952055e+08 5.81660701e-09
   1.00000000e+00]]

 [[1.60509938e+00 1.60929542e+00 1.05145891e+02 2.29834365e-02
   1.00000000e+00]]

 [[2.35299640e+00 2.46214960e+00 4.56949296e+02 7.22570189e-03
   1.00000000e+00]]]",2005-09-01
7,0.006040106869320164,0.006040106869320164,1.1019737777419696,1.010484220034612,0.006058385097102104,0.032258063554763794,0.11305171251296997,"[0.     0.     0.     0.0013 0.1081 0.     0.3419 0.     0.     0.
 0.     0.     0.     0.     0.     0.5476 0.     0.0011 0.     0.
 0.     0.     0.     0.     0.     0.     0.     0.     0.     0.
 0.    ]",0.0,1.1007208258829955,0.0012529518589742034,"[1.         1.01059341 1.00851753 1.03608262 1.01613431 1.03252709
 1.01436748 0.9992304  1.0074627  1.00111362 1.00361533 1.00863978
 1.00982118 1.00997543 1.00558982 0.99883472 1.01059341 1.00851753
 1.03608262 1.01613431 1.03252709 1.01436748 0.9992304  1.0074627
 1.00111362 1.00361533 1.00863978 1.00982118 1.00997543 1.00558982
 0.99883472]",1.138796394807775,2016-07-01,8.0,"[[[1.00000000e+00 1.00000000e+00 1.00000000e+00 1.00000000e+00
   1.00000000e+00]]

 [[1.62732535e+00 1.67241841e+00 2.48881855e+01 7.44633491e-02
   1.00000000e+00]]

 [[2.51603903e+00 2.72449553e+00 2.88646108e+05 1.00207959e-05
   1.00000000e+00]]

 [[3.06049053e+00 3.27186165e+00 1.43574291e+05 7.57311388e-05
   1.00000000e+00]]

 [[1.82153518e+00 1.85629556e+00 2.80908415e+02 6.21371726e-03
   1.00000000e+00]]

 [[2.60101429e+00 2.84203160e+00 4.06708709e+04 1.22206959e-04
   1.00000000e+00]]

 [[1.43648625e+00 1.46326156e+00 1.09224887e+01 1.95166044e-01
   1.00000000e+00]]

 [[1.94221924e+00 2.03086982e+00 1.79634552e+04 8.25185788e-05
   1.00000000e+00]]

 [[1.55410953e+00 1.57048837e+00 6.38699256e+01 3.22522133e-02
   1.00000000e+00]]

 [[1.73920817e+00 1.81639590e+00 5.39230744e+02 4.86539367e-03
   1.00000000e+00]]

 [[1.77855550e+00 1.83983072e+00 2.79853096e+02 8.87652263e-03
   1.00000000e+00]]

 [[1.85134822e+00 1.91200191e+00 5.82299743e+02 5.31080368e-03
   1.00000000e+00]]

 [[1.40271317e+00 1.42300495e+00 3.39215070e+00 5.81918829e-01
   1.00000000e+00]]

 [[2.25329992e+00 2.34790486e+00 1.62834652e+08 5.25934988e-09
   1.00000000e+00]]

 [[1.59631915e+00 1.60406687e+00 1.08398692e+02 2.21079657e-02
   1.00000000e+00]]

 [[2.40817726e+00 2.50594984e+00 4.97983342e+02 7.07389547e-03
   1.00000000e+00]]]",2005-10-01
8,0.00971463376059898,0.00971463376059898,1.1127312170964352,1.0047257257402353,0.009761973988626549,0.032258063554763794,0.11301031708717346,"[0.     0.     0.     0.0013 0.1089 0.     0.341  0.     0.     0.
 0.     0.     0.     0.     0.     0.5477 0.     0.0011 0.     0.
 0.     0.     0.     0.     0.     0.     0.     0.     0.     0.
 0.    ]",0.0,1.1114997627117698,0.0012314543846653628,"[1.         0.99590166 1.0101654  1.00104314 0.9965445  1.00067782
 0.99211293 1.03444814 0.99605558 1.01775084 1.00273873 1.00277161
 0.9949469  1.01011039 0.99452979 1.02345131 0.99590166 1.0101654
 1.00104314 0.9965445  1.00067782 0.99211293 1.03444814 0.99605558
 1.01775084 1.00273873 1.00277161 0.9949469  1.01011039 0.99452979
 1.02345131]",1.1441780342436054,2016-07-01,9.0,"[[[1.00000000e+00 1.00000000e+00 1.00000000e+00 1.00000000e+00
   1.00000000e+00]]

 [[1.62854581e+00 1.67663736e+00 2.52252679e+01 7.03839135e-02
   1.00000000e+00]]

 [[2.61804147e+00 2.76556650e+00 3.18762274e+05 9.84116490e-06
   1.00000000e+00]]

 [[3.18944532e+00 3.31062949e+00 1.57012845e+05 7.42009352e-05
   1.00000000e+00]]

 [[1.80373458e+00 1.86508711e+00 2.85405887e+02 5.77314618e-03
   1.00000000e+00]]

 [[2.63074799e+00 2.84002089e+00 4.41199150e+04 1.12625933e-04
   1.00000000e+00]]

 [[1.43431530e+00 1.48660317e+00 1.10928795e+01 1.92606574e-01
   1.00000000e+00]]

 [[1.95724380e+00 2.02484149e+00 1.87664217e+04 7.94010188e-05
   1.00000000e+00]]

 [[1.54928546e+00 1.57521685e+00 6.44634587e+01 3.06691236e-02
   1.00000000e+00]]

 [[1.76766376e+00 1.84609394e+00 5.65432352e+02 4.66956154e-03
   1.00000000e+00]]

 [[1.77677225e+00 1.84035759e+00 3.17993792e+02 8.42564301e-03
   1.00000000e+00]]

 [[1.87448022e+00 1.92656639e+00 6.22127756e+02 5.13115384e-03
   1.00000000e+00]]

 [[1.40680072e+00 1.42659821e+00 3.42810734e+00 5.61732375e-01
   1.00000000e+00]]

 [[2.27743511e+00 2.38313056e+00 1.80355660e+08 4.83105925e-09
   1.00000000e+00]]

 [[1.59113275e+00 1.60407652e+00 1.09417171e+02 2.10480053e-02
   1.00000000e+00]]

 [[2.45101735e+00 2.57613820e+00 5.27762746e+02 6.76833927e-03
   1.00000000e+00]]]",2005-11-01
9,0.008139702656395574,0.008139702656395574,1.121825480428326,1.0093048178202175,0.008172920101604975,0.032258063554763794,0.11297658830881119,"[0.     0.     0.     0.0012 0.1095 0.     0.3403 0.     0.     0.
 0.     0.     0.     0.     0.     0.5478 0.     0.0011 0.     0.
 0.     0.     0.     0.     0.     0.     0.     0.     0.     0.
 0.    ]",0.0,1.1206351894328004,0.0011902909955256269,"[1.         1.00074998 1.04054088 1.04213533 0.99022769 1.01143158
 0.99848871 1.00773577 0.99689593 1.01636123 0.99899736 1.01249468
 1.00291404 1.01071104 0.99675103 1.01778943 1.00074998 1.04054088
 1.04213533 0.99022769 1.01143158 0.99848871 1.00773577 0.99689593
 1.01636123 0.99899736 1.01249468 1.00291404 1.01071104 0.99675103
 1.01778943]",1.1548244024061367,2016-07-01,10.0,"[[[1.00000000e+00 1.00000000e+00 1.00000000e+00 1.00000000e+00
   1.00000000e+00]]

 [[1.63265409e+00 1.69757447e+00 2.65669135e+01 6.91506465e-02
   1.00000000e+00]]

 [[2.65750768e+00 2.84216351e+00 3.42157066e+05 9.62375677e-06
   1.00000000e+00]]

 [[3.22723662e+00 3.35191826e+00 1.80606853e+05 6.87164015e-05
   1.00000000e+00]]

 [[1.81227720e+00 1.89953332e+00 2.99704768e+02 5.65187283e-03
   1.00000000e+00]]

 [[2.62888677e+00 2.94504656e+00 5.05525986e+04 1.07366953e-04
   1.00000000e+00]]

 [[1.45719517e+00 1.49247451e+00 1.13901686e+01 1.89738740e-01
   1.00000000e+00]]

 [[1.95143403e+00 2.05072589e+00 1.93108037e+04 7.42002521e-05
   1.00000000e+00]]

 [[1.55395010e+00 1.58349536e+00 6.68640850e+01 3.01156475e-02
   1.00000000e+00]]

 [[1.79656503e+00 1.87543798e+00 5.99694137e+02 4.56589727e-03
   1.00000000e+00]]

 [[1.77728106e+00 1.86303293e+00 3.32557908e+02 8.19221714e-03
   1.00000000e+00]]

 [[1.88875889e+00 1.95538283e+00 6.64015925e+02 4.97060128e-03
   1.00000000e+00]]

 [[1.41035307e+00 1.43574780e+00 3.53707813e+00 5.53479245e-01
   1.00000000e+00]]

 [[2.31160355e+00 2.43117888e+00 1.99725858e+08 4.24360245e-09
   1.00000000e+00]]

 [[1.59114233e+00 1.62271152e+00 1.13503135e+02 2.06972306e-02
   1.00000000e+00]]

 [[2.51966712e+00 2.61150854e+00 5.67832150e+02 6.73567271e-03
   1.00000000e+00]]]",2005-12-01
10,0.02106630825989599,0.02106630825989599,1.1457088861461968,1.0076945608258858,0.02128976933983684,0.032258063554763794,0.11294296383857727,"[0.     0.     0.     0.0012 0.11   0.     0.3399 0.     0.     0.
 0.     0.     0.     0.     0.     0.5478 0.     0.0011 0.     0.
 0.     0.     0.     0.     0.     0.     0.     0.     0.     0.
 0.    ]",0.0,1.1444946947292585,0.0012141914169384168,"[1.         1.00252266 1.01507471 1.01184886 1.00473608 0.99929251
 1.01595177 0.99703166 1.00301083 1.01634998 1.00028637 1.0076174
 1.00252512 1.01500304 1.00000602 1.02800868 1.00252266 1.01507471
 1.01184886 1.00473608 0.99929251 1.01595177 0.99703166 1.00301083
 1.01634998 1.00028637 1.0076174  1.00252512 1.01500304 1.00000602
 1.02800868]",1.163710269013668,2016-07-01,11.0,"[[[1.00000000e+00 1.00000000e+00 1.00000000e+00 1.00000000e+00
   1.00000000e+00]]

 [[1.65304195e+00 1.72439211e+00 2.94235672e+01 6.89391061e-02
   1.00000000e+00]]

 [[2.73111182e+00 3.01153911e+00 3.91542223e+05 9.21611163e-06
   1.00000000e+00]]

 [[3.26748535e+00 3.61462515e+00 2.05388671e+05 6.34912714e-05
   1.00000000e+00]]

 [[1.84574806e+00 1.94670686e+00 3.46344273e+02 5.61061415e-03
   1.00000000e+00]]

 [[2.72610457e+00 3.19203506e+00 5.70239457e+04 1.06529490e-04
   1.00000000e+00]]

 [[1.46295035e+00 1.54632760e+00 1.17098120e+01 1.88922863e-01
   1.00000000e+00]]

 [[1.97638002e+00 2.16276690e+00 2.18038284e+04 7.28423875e-05
   1.00000000e+00]]

 [[1.56211685e+00 1.60246623e+00 7.37680950e+01 2.96066931e-02
   1.00000000e+00]]

 [[1.82512179e+00 1.97489076e+00 6.75673934e+02 4.47457933e-03
   1.00000000e+00]]

 [[1.79917923e+00 1.90311800e+00 3.67916036e+02 8.10537964e-03
   1.00000000e+00]]

 [[1.91700982e+00 2.03620922e+00 7.46690310e+02 4.79603701e-03
   1.00000000e+00]]

 [[1.41939847e+00 1.45246745e+00 3.89377244e+00 5.51320676e-01
   1.00000000e+00]]

 [[2.35820975e+00 2.52508694e+00 2.32141365e+08 3.97382766e-09
   1.00000000e+00]]

 [[1.60962706e+00 1.62714491e+00 1.25944004e+02 2.05582479e-02
   1.00000000e+00]]

 [[2.55426213e+00 2.76624353e+00 6.42698731e+02 6.43952639e-03
   1.00000000e+00]]]",2006-01-01
11,0.010821352169162921,0.010821352169162921,1.1581743303237702,1.0145284004280488,0.010880114772874983,0.032258063554763794,0.11291392892599106,"[0.     0.     0.     0.0012 0.1106 0.     0.3392 0.     0.     0.
 0.     0.     0.     0.     0.     0.5479 0.     0.0011 0.     0.
 0.     0.     0.     0.     0.     0.     0.     0.     0.     0.
 0.    ]",0.0,1.1569633861130988,0.0012109442106714018,"[1.         1.01248756 1.02769668 1.01247158 1.01846895 1.0369806
 1.0039495  1.01278342 1.00525548 1.0158952  1.01232116 1.0149574
 1.00641357 1.02016185 1.01161727 1.01372999 1.01248756 1.02769668
 1.01247158 1.01846895 1.0369806  1.0039495  1.01278342 1.00525548
 1.0158952  1.01232116 1.0149574  1.00641357 1.02016185 1.01161727
 1.01372999]",1.180617117784131,2016-07-01,12.0,"[[[1.00000000e+00 1.00000000e+00 1.00000000e+00 1.00000000e+00
   1.00000000e+00]]

 [[1.67915609e+00 1.70555074e+00 3.10350571e+01 6.82910785e-02
   1.00000000e+00]]

 [[2.89386942e+00 2.90919796e+00 4.40581066e+05 9.18201201e-06
   1.00000000e+00]]

 [[3.52357481e+00 3.46438217e+00 2.41661322e+05 5.94335695e-05
   1.00000000e+00]]

 [[1.89158589e+00 1.91912342e+00 3.78560700e+02 5.57087975e-03
   1.00000000e+00]]

 [[2.95473134e+00 3.08179635e+00 6.69437487e+04 1.04351735e-04
   1.00000000e+00]]

 [[1.51573812e+00 1.52690716e+00 1.22621279e+01 1.88922863e-01
   1.00000000e+00]]

 [[2.08435917e+00 2.07147691e+00 2.42694809e+04 7.24708913e-05
   1.00000000e+00]]

 [[1.58083160e+00 1.58705651e+00 7.73627357e+01 2.91033793e-02
   1.00000000e+00]]

 [[1.92190636e+00 1.90304608e+00 7.60735804e+02 4.46965729e-03
   1.00000000e+00]]

 [[1.83789041e+00 1.87927084e+00 3.91427827e+02 8.09160049e-03
   1.00000000e+00]]

 [[1.99625005e+00 1.98352766e+00 8.39049182e+02 4.76390356e-03
   1.00000000e+00]]

 [[1.43592772e+00 1.43118343e+00 4.06834456e+00 5.40874594e-01
   1.00000000e+00]]

 [[2.44929927e+00 2.41055274e+00 2.62768155e+08 3.71163853e-09
   1.00000000e+00]]

 [[1.61402471e+00 1.61153560e+00 1.32016165e+02 1.98880490e-02
   1.00000000e+00]]

 [[2.70560519e+00 2.67373006e+00 7.21936128e+02 6.47902480e-03
   1.00000000e+00]]]",2006-02-01
12,0.04638900044309507,0.04638900044309507,1.213166535251873,1.0382774483128236,0.047481802599380396,0.032258063554763794,0.11286611109972,"[0.     0.     0.     0.0012 0.1115 0.     0.3383 0.     0.     0.
 0.     0.     0.     0.     0.     0.548  0.     0.001  0.     0.
 0.     0.     0.     0.     0.     0.     0.     0.     0.     0.
 0.    ]",0.0,1.2120009663302496,0.001165568921623373,"[1.         1.01579762 1.0595939  1.07837509 1.02483428 1.08386574
 1.03608309 1.05463481 1.01198038 1.0530291  1.02151603 1.04133533
 1.01164525 1.03862656 1.00273209 1.05925119 1.01579762 1.0595939
 1.07837509 1.02483428 1.08386574 1.03608309 1.05463481 1.01198038
 1.0530291  1.02151603 1.04133533 1.01164525 1.03862656 1.00273209
 1.05925119]",1.2258081284873479,2016-07-01,13.0,"[[[1.00000000e+00 1.00000000e+00 1.00000000e+00 1.00000000e+00
   1.00000000e+00]]

 [[1.66080899e+00 1.70369908e+00 3.23269185e+01 6.48253058e-02
   1.00000000e+00]]

 [[2.79552704e+00 2.83987490e+00 4.49524861e+05 8.22616456e-06
   1.00000000e+00]]

 [[3.37711636e+00 3.43750220e+00 2.47408650e+05 5.32821951e-05
   1.00000000e+00]]

 [[1.86478347e+00 1.91145822e+00 4.08009445e+02 5.21144937e-03
   1.00000000e+00]]

 [[2.85268804e+00 2.99267878e+00 6.89699606e+04 9.29312332e-05
   1.00000000e+00]]

 [[1.49670186e+00 1.53455175e+00 1.22940094e+01 1.82634322e-01
   1.00000000e+00]]

 [[1.99637875e+00 2.02636127e+00 2.41505604e+04 6.71297866e-05
   1.00000000e+00]]

 [[1.56562992e+00 1.58745017e+00 7.89112133e+01 2.75903703e-02
   1.00000000e+00]]

 [[1.85198920e+00 1.85359522e+00 7.62276449e+02 4.10882460e-03
   1.00000000e+00]]

 [[1.81486060e+00 1.86409447e+00 4.01596498e+02 7.66480903e-03
   1.00000000e+00]]

 [[1.94460233e+00 1.95438743e+00 8.60156286e+02 4.35916070e-03
   1.00000000e+00]]

 [[1.41488607e+00 1.43471106e+00 4.16357768e+00 5.20299561e-01
   1.00000000e+00]]

 [[2.33820269e+00 2.39306614e+00 2.68811823e+08 3.19163797e-09
   1.00000000e+00]]

 [[1.59854126e+00 1.60940839e+00 1.36382183e+02 1.87236853e-02
   1.00000000e+00]]

 [[2.61511969e+00 2.60013325e+00 7.41484426e+02 5.92517575e-03
   1.00000000e+00]]]",2006-03-01
13,-0.024465478548515496,-0.024465478548515496,1.1838459687476999,0.9756518909730545,-0.0241686245475653,0.032258063554763794,0.11279388517141342,"[0.     0.     0.     0.0012 0.1123 0.     0.3378 0.     0.     0.
 0.     0.     0.     0.     0.     0.5477 0.     0.001  0.     0.
 0.     0.     0.     0.     0.     0.     0.     0.     0.     0.
 0.    ]",0.0,1.182537832624031,0.0013081361236688233,"[1.         0.98907362 0.96601699 0.9584347  0.98583072 0.96546444
 0.98744093 0.95779019 0.99038374 0.96362093 0.98746943 0.97412763
 0.9853463  0.95464148 0.99040693 0.96655628 0.98907362 0.96601699
 0.9584347  0.98583072 0.96546444 0.98744093 0.95779019 0.99038374
 0.96362093 0.98746943 0.97412763 0.9853463  0.95464148 0.99040693
 0.96655628]",1.195962018528822,2016-07-01,14.0,"[[[1.00000000e+00 1.00000000e+00 1.00000000e+00 1.00000000e+00
   1.00000000e+00]]

 [[1.65900590e+00 1.67825630e+00 3.28933196e+01 6.33459275e-02
   1.00000000e+00]]

 [[2.72891264e+00 2.85504582e+00 4.70697482e+05 7.63816087e-06
   1.00000000e+00]]

 [[3.35091348e+00 3.35731671e+00 2.75210069e+05 4.92061071e-05
   1.00000000e+00]]

 [[1.85733531e+00 1.86605813e+00 4.14170388e+02 5.06766304e-03
   1.00000000e+00]]

 [[2.77019570e+00 2.94958699e+00 7.28460724e+04 8.55246139e-05
   1.00000000e+00]]

 [[1.50419522e+00 1.51208529e+00 1.25386602e+01 1.79888989e-01
   1.00000000e+00]]

 [[1.95289870e+00 2.07830661e+00 2.44862532e+04 6.23232939e-05
   1.00000000e+00]]

 [[1.56601826e+00 1.57015413e+00 8.02053572e+01 2.68459203e-02
   1.00000000e+00]]

 [[1.80386506e+00 1.86627476e+00 7.68755799e+02 3.84065678e-03
   1.00000000e+00]]

 [[1.80020438e+00 1.85149736e+00 4.05430540e+02 7.38068913e-03
   1.00000000e+00]]

 [[1.91603395e+00 1.93949755e+00 9.14937854e+02 4.05358354e-03
   1.00000000e+00]]

 [[1.41837354e+00 1.40635605e+00 4.24889719e+00 5.10181299e-01
   1.00000000e+00]]

 [[2.32124092e+00 2.41703300e+00 2.92812387e+08 2.90853968e-09
   1.00000000e+00]]

 [[1.59643120e+00 1.59383013e+00 1.42219384e+02 1.83264989e-02
   1.00000000e+00]]

 [[2.54313618e+00 2.61474811e+00 7.56314115e+02 5.47276955e-03
   1.00000000e+00]]]",2006-04-01
14,-0.013913236987522665,-0.013913236987522665,1.1674888930267922,0.9893872890076219,-0.01381689523191143,0.032258063554763794,0.11275026947259903,"[0.     0.     0.     0.0012 0.1131 0.     0.3371 0.     0.     0.
 0.     0.     0.     0.     0.     0.5477 0.     0.001  0.     0.
 0.     0.     0.     0.     0.     0.     0.     0.     0.     0.
 0.    ]",0.0,1.1662348853538866,0.0012540076729056,"[1.         0.99891433 0.97617108 0.99224105 0.99600588 0.97108259
 1.00500659 0.97822054 1.00024805 0.97401489 0.99192433 0.98530889
 1.00246484 0.99274581 0.99868001 0.97247411 0.99891433 0.97617108
 0.99224105 0.99600588 0.97108259 1.00500659 0.97822054 1.00024805
 0.97401489 0.99192433 0.98530889 1.00246484 0.99274581 0.99868001
 0.97247411]",1.1832696192683143,2016-07-01,15.0,"[[[1.00000000e+00 1.00000000e+00 1.00000000e+00 1.00000000e+00
   1.00000000e+00]]

 [[1.63423056e+00 1.66048372e+00 3.30665324e+01 5.99299151e-02
   1.00000000e+00]]

 [[2.74349078e+00 2.81658780e+00 4.98421564e+05 6.98204285e-06
   1.00000000e+00]]

 [[3.27274782e+00 3.48902609e+00 2.84211830e+05 4.36904150e-05
   1.00000000e+00]]

 [[1.81322073e+00 1.80950268e+00 4.13692549e+02 4.57178613e-03
   1.00000000e+00]]

 [[2.73030746e+00 2.79789359e+00 7.84625045e+04 7.71089919e-05
   1.00000000e+00]]

 [[1.48217319e+00 1.45226483e+00 1.26013535e+01 1.75525720e-01
   1.00000000e+00]]

 [[2.00296085e+00 2.03243943e+00 2.67340913e+04 5.67453591e-05
   1.00000000e+00]]

 [[1.54895574e+00 1.55037958e+00 8.10859561e+01 2.54443973e-02
   1.00000000e+00]]

 [[1.81620441e+00 1.86435547e+00 8.03581560e+02 3.63904969e-03
   1.00000000e+00]]

 [[1.78803903e+00 1.82430222e+00 4.11106568e+02 6.96813073e-03
   1.00000000e+00]]

 [[1.90143628e+00 1.92928994e+00 9.43392421e+02 3.79625145e-03
   1.00000000e+00]]

 [[1.39034142e+00 1.38867561e+00 4.24337362e+00 4.87788320e-01
   1.00000000e+00]]

 [[2.34448845e+00 2.45671434e+00 3.35709402e+08 2.58365580e-09
   1.00000000e+00]]

 [[1.58097855e+00 1.59446337e+00 1.42871733e+02 1.74187797e-02
   1.00000000e+00]]

 [[2.55743068e+00 2.67199143e+00 7.98088546e+02 5.20065500e-03
   1.00000000e+00]]]",2006-05-01
15,-0.004585161004669887,-0.004585161004669887,1.1621480222144598,0.9940443096678281,-0.004574665201726891,0.032258063554763794,0.11271081119775772,"[0.     0.     0.     0.0011 0.1137 0.     0.3366 0.     0.     0.
 0.     0.     0.     0.     0.     0.5476 0.     0.001  0.     0.
 0.     0.     0.     0.     0.     0.     0.     0.     0.     0.
 0.    ]",0.0,1.1609678064076852,0.0011802158067745253,"[1.         0.98506615 1.00534211 0.97667333 0.97624845 0.98560093
 0.98535959 1.02563479 0.98910452 1.00684051 0.99324224 0.99238131
 0.98023643 1.01001513 0.9903205  1.00562081 0.98506615 1.00534211
 0.97667333 0.97624845 0.98560093 0.98535959 1.02563479 0.98910452
 1.00684051 0.99324224 0.99238131 0.98023643 1.01001513 0.9903205
 1.00562081]",1.1762224318364853,2016-07-01,16.0,"[[[1.00000000e+00 1.00000000e+00 1.00000000e+00 1.00000000e+00
   1.00000000e+00]]

 [[1.61692421e+00 1.61519695e+00 3.32616249e+01 5.71524155e-02
   1.00000000e+00]]

 [[2.70653543e+00 2.68679934e+00 5.78423941e+05 6.21611275e-06
   1.00000000e+00]]

 [[3.40113951e+00 3.31777245e+00 3.45966265e+05 3.96883730e-05
   1.00000000e+00]]

 [[1.75826664e+00 1.74783856e+00 4.13030641e+02 4.13943371e-03
   1.00000000e+00]]

 [[2.58989131e+00 2.68535500e+00 8.38528786e+04 6.26741886e-05
   1.00000000e+00]]

 [[1.42353610e+00 1.44532621e+00 1.25219650e+01 1.66254320e-01
   1.00000000e+00]]

 [[1.95875651e+00 2.00117176e+00 2.82418940e+04 4.76377290e-05
   1.00000000e+00]]

 [[1.52944816e+00 1.53545937e+00 8.17050555e+01 2.41077821e-02
   1.00000000e+00]]

 [[1.81433662e+00 1.83985571e+00 8.82025859e+02 3.41201587e-03
   1.00000000e+00]]

 [[1.76177597e+00 1.79260727e+00 4.13116126e+02 6.56976551e-03
   1.00000000e+00]]

 [[1.89142899e+00 1.88252744e+00 1.10273499e+03 3.56821507e-03
   1.00000000e+00]]

 [[1.37286230e+00 1.35734899e+00 4.29727403e+00 4.71426999e-01
   1.00000000e+00]]

 [[2.38297879e+00 2.43649995e+00 4.07990477e+08 2.34047754e-09
   1.00000000e+00]]

 [[1.58160669e+00 1.57737600e+00 1.46002592e+02 1.67377453e-02
   1.00000000e+00]]

 [[2.61341918e+00 2.66383193e+00 8.74735859e+02 4.99732128e-03
   1.00000000e+00]]]",2006-06-01
16,-0.004725288719769863,-0.004725288719769863,1.1566694912884572,0.9912493526614633,-0.0047141421069265554,0.032258063554763794,0.11268992722034454,"[0.     0.     0.     0.0011 0.1141 0.     0.336  0.     0.     0.
 0.     0.     0.     0.     0.     0.5477 0.     0.001  0.     0.
 0.     0.     0.     0.     0.     0.     0.     0.     0.     0.
 0.    ]",0.0,1.1554855565898912,0.0011839346985659516,"[1.         0.98941009 0.98652981 1.03923055 0.96969256 0.94857131
 0.96043843 0.9779305  0.98740598 0.99897159 0.98531181 0.99473698
 0.98742818 1.01641737 1.00039731 1.02189248 0.98941009 0.98652981
 1.03923055 0.96969256 0.94857131 0.96043843 0.9779305  0.98740598
 0.99897159 0.98531181 0.99473698 0.98742818 1.01641737 1.00039731
 1.02189248]",1.1659297241438082,2016-07-01,17.0,"[[[1.00000000e+00 1.00000000e+00 1.00000000e+00 1.00000000e+00
   1.00000000e+00]]

 [[1.57282544e+00 1.61728267e+00 3.31352308e+01 5.01131735e-02
   1.00000000e+00]]

 [[2.58181819e+00 2.70798849e+00 6.08444143e+05 5.27962917e-06
   1.00000000e+00]]

 [[3.23419966e+00 3.26254217e+00 3.58051681e+05 3.35522827e-05
   1.00000000e+00]]

 [[1.69834854e+00 1.79058158e+00 4.18853304e+02 3.54369908e-03
   1.00000000e+00]]

 [[2.48571911e+00 2.79786914e+00 8.96135714e+04 5.36543113e-05
   1.00000000e+00]]

 [[1.41673474e+00 1.45969174e+00 1.25920880e+01 1.61974977e-01
   1.00000000e+00]]

 [[1.92862240e+00 2.05182346e+00 2.87671932e+04 4.46889535e-05
   1.00000000e+00]]

 [[1.51472938e+00 1.54697478e+00 8.24322305e+01 2.15716419e-02
   1.00000000e+00]]

 [[1.79049417e+00 1.89401271e+00 9.05840557e+02 3.01383925e-03
   1.00000000e+00]]

 [[1.73116734e+00 1.81327256e+00 4.21597307e+02 5.88393722e-03
   1.00000000e+00]]

 [[1.84558417e+00 1.89975122e+00 1.11795854e+03 3.06975358e-03
   1.00000000e+00]]

 [[1.34189241e+00 1.36250161e+00 4.32348740e+00 4.24289058e-01
   1.00000000e+00]]

 [[2.36337111e+00 2.46448974e+00 4.28716393e+08 2.12187694e-09
   1.00000000e+00]]

 [[1.56465710e+00 1.58683999e+00 1.47930781e+02 1.49754298e-02
   1.00000000e+00]]

 [[2.60543854e+00 2.74739926e+00 9.05876456e+02 4.50257762e-03
   1.00000000e+00]]]",2006-07-01
17,-0.007203656717045591,-0.007203656717045591,1.1483671807381077,0.9789784936249686,-0.007177772572786734,0.032258063554763794,0.11267268657684326,"[0.     0.     0.     0.0011 0.1145 0.     0.3356 0.     0.     0.
 0.     0.     0.     0.     0.     0.5478 0.     0.001  0.     0.
 0.     0.     0.     0.     0.     0.     0.     0.     0.     0.
 0.    ]",0.0,1.1471672386350644,0.001199942103043341,"[1.         0.97272676 0.95391997 0.95091649 0.96592206 0.95977739
 0.99522221 0.98461569 0.99037641 0.98685886 0.98262626 0.97576181
 0.97744137 0.99177178 0.98928331 0.99694629 0.97272676 0.95391997
 0.95091649 0.96592206 0.95977739 0.99522221 0.98461569 0.99037641
 0.98685886 0.98262626 0.97576181 0.97744137 0.99177178 0.98928331
 0.99694629]",1.1414201250148805,2016-07-01,18.0,"[[[1.00000000e+00 1.00000000e+00 1.00000000e+00 1.00000000e+00
   1.00000000e+00]]

 [[1.57485645e+00 1.60620671e+00 3.49257673e+01 4.87027948e-02
   1.00000000e+00]]

 [[2.60217942e+00 2.66827011e+00 6.59701722e+05 4.96755564e-06
   1.00000000e+00]]

 [[3.18036060e+00 3.12610322e+00 3.80949282e+05 3.07761231e-05
   1.00000000e+00]]

 [[1.73988129e+00 1.70827556e+00 4.53293078e+02 3.44773931e-03
   1.00000000e+00]]

 [[2.58986868e+00 2.65079899e+00 1.01532176e+05 5.12300906e-05
   1.00000000e+00]]

 [[1.43081610e+00 1.44825550e+00 1.28199541e+01 1.61489052e-01
   1.00000000e+00]]

 [[1.97743781e+00 2.00323485e+00 3.03518770e+04 4.03183739e-05
   1.00000000e+00]]

 [[1.52608933e+00 1.53452176e+00 8.71695756e+01 2.10700272e-02
   1.00000000e+00]]

 [[1.84319818e+00 1.89779166e+00 9.89932425e+02 2.91763935e-03
   1.00000000e+00]]

 [[1.75112435e+00 1.79970178e+00 4.46659480e+02 5.50872302e-03
   1.00000000e+00]]

 [[1.86246995e+00 1.87919252e+00 1.19546293e+03 2.85052075e-03
   1.00000000e+00]]

 [[1.34698636e+00 1.33682575e+00 4.54362617e+00 4.05329327e-01
   1.00000000e+00]]

 [[2.39052083e+00 2.45657417e+00 4.69808376e+08 1.98077212e-09
   1.00000000e+00]]

 [[1.57404478e+00 1.58060397e+00 1.55662986e+02 1.44974233e-02
   1.00000000e+00]]

 [[2.68717400e+00 2.81733174e+00 9.85731747e+02 4.43503895e-03
   1.00000000e+00]]]",2006-08-01
18,0.023026656755950503,0.023026656755950503,1.1751170355540024,1.0131872504009947,0.02329381687719545,0.032258063554763794,0.11266656965017319,"[0.     0.     0.     0.0011 0.1148 0.     0.3353 0.     0.     0.
 0.     0.     0.     0.     0.     0.5479 0.     0.001  0.     0.
 0.     0.     0.     0.     0.     0.     0.     0.     0.     0.
 0.    ]",0.0,1.1740007723174486,0.0011162632365537932,"[1.         1.00129131 1.00788639 0.9833532  1.02445478 1.04189917
 1.0099393  1.02531102 1.00749965 1.02943546 1.01152807 1.00914929
 1.0037961  1.01148771 1.00599984 1.03137109 1.00129131 1.00788639
 0.9833532  1.02445478 1.04189917 1.0099393  1.02531102 1.00749965
 1.02943546 1.01152807 1.00914929 1.0037961  1.01148771 1.00599984
 1.03137109]",1.1564723180161864,2016-07-01,19.0,"[[[1.00000000e+00 1.00000000e+00 1.00000000e+00 1.00000000e+00
   1.00000000e+00]]

 [[1.56407105e+00 1.60066133e+00 3.52169749e+01 4.30540262e-02
   1.00000000e+00]]

 [[2.56401295e+00 2.67270193e+00 6.81933670e+05 4.29082323e-06
   1.00000000e+00]]

 [[3.04735847e+00 3.04525648e+00 3.92168456e+05 2.61100358e-05
   1.00000000e+00]]

 [[1.65990577e+00 1.74102235e+00 4.57019924e+02 2.82290085e-03
   1.00000000e+00]]

 [[2.45373208e+00 2.64007557e+00 1.04562253e+05 4.28197414e-05
   1.00000000e+00]]

 [[1.41960609e+00 1.44279335e+00 1.28327740e+01 1.57642312e-01
   1.00000000e+00]]

 [[1.93061070e+00 1.99362992e+00 3.15507761e+04 2.80051425e-05
   1.00000000e+00]]

 [[1.51380444e+00 1.53331350e+00 8.83289309e+01 1.83132790e-02
   1.00000000e+00]]

 [[1.84687575e+00 1.89733952e+00 1.06405490e+03 2.57846461e-03
   1.00000000e+00]]

 [[1.73801869e+00 1.80828044e+00 4.54169918e+02 4.83716572e-03
   1.00000000e+00]]

 [[1.84231470e+00 1.87490771e+00 1.26258596e+03 2.45211236e-03
   1.00000000e+00]]

 [[1.32160287e+00 1.33466090e+00 4.60314767e+00 3.59284968e-01
   1.00000000e+00]]

 [[2.38284283e+00 2.43463179e+00 5.23037665e+08 1.41902515e-09
   1.00000000e+00]]

 [[1.56785905e+00 1.57641188e+00 1.58035273e+02 1.28787515e-02
   1.00000000e+00]]

 [[2.75557350e+00 2.81412719e+00 1.09465511e+03 3.95083522e-03
   1.00000000e+00]]]",2006-09-01
19,0.005993904626873382,0.005993904626873382,1.1821817263810253,0.9859177497873626,0.0060119040174515526,0.032258063554763794,0.1126445084810257,"[0.     0.     0.     0.0011 0.1151 0.     0.335  0.     0.     0.
 0.     0.     0.     0.     0.     0.5478 0.     0.0009 0.     0.
 0.     0.     0.     0.     0.     0.     0.     0.     0.     0.
 0.    ]",0.0,1.181031362326773,0.0011503640542522542,"[1.         0.9931515  0.98533288 0.95818017 0.95403392 0.94743494
 0.9921653  0.9763193  0.99195008 1.00199521 0.99251586 0.98917821
 0.98115535 0.99678815 0.99607016 1.02545406 0.9931515  0.98533288
 0.95818017 0.95403392 0.94743494 0.9921653  0.9763193  0.99195008
 1.00199521 0.99251586 0.98917821 0.98115535 0.99678815 0.99607016
 1.02545406]",1.1401865854698936,2016-07-01,20.0,"[[[1.00000000e+00 1.00000000e+00 1.00000000e+00 1.00000000e+00
   1.00000000e+00]]

 [[1.55867115e+00 1.57024266e+00 3.65909978e+01 4.17091639e-02
   1.00000000e+00]]

 [[2.56827160e+00 2.40049659e+00 7.46065846e+05 3.92352876e-06
   1.00000000e+00]]

 [[2.96854821e+00 2.67755868e+00 4.11368183e+05 2.22604930e-05
   1.00000000e+00]]

 [[1.69172533e+00 1.69745540e+00 4.87970241e+02 2.78677405e-03
   1.00000000e+00]]

 [[2.44380588e+00 2.52300683e+00 1.16812198e+05 3.57528624e-05
   1.00000000e+00]]

 [[1.41425199e+00 1.40555003e+00 1.29200369e+01 1.56135874e-01
   1.00000000e+00]]

 [[1.92135398e+00 1.82345627e+00 3.75075626e+04 2.66318108e-05
   1.00000000e+00]]

 [[1.51261248e+00 1.51324342e+00 9.23152351e+01 1.80253560e-02
   1.00000000e+00]]

 [[1.84643574e+00 1.74971711e+00 1.11097323e+03 2.48869047e-03
   1.00000000e+00]]

 [[1.74630332e+00 1.76254205e+00 4.76972971e+02 4.73800383e-03
   1.00000000e+00]]

 [[1.83811398e+00 1.77965768e+00 1.31760408e+03 2.14805313e-03
   1.00000000e+00]]

 [[1.31946268e+00 1.31338054e+00 4.83378638e+00 3.47818501e-01
   1.00000000e+00]]

 [[2.36155902e+00 2.24962102e+00 6.16190673e+08 1.20952518e-09
   1.00000000e+00]]

 [[1.56370076e+00 1.55484195e+00 1.64594226e+02 1.24805705e-02
   1.00000000e+00]]

 [[2.75243920e+00 2.58234219e+00 1.14507811e+03 3.79913513e-03
   1.00000000e+00]]]",2006-10-01
20,0.00029010262932658133,0.00029010262932658133,1.1825247301589334,0.9978080223744968,0.000290144713163798,0.03225806728005409,0.11263576149940491,"[0.     0.     0.     0.0011 0.1153 0.     0.3348 0.     0.     0.
 0.     0.     0.     0.     0.     0.5479 0.     0.0009 0.     0.
 0.     0.     0.     0.     0.     0.     0.     0.     0.     0.
 0.    ]",0.0,1.1814007576526913,0.0011239725062421413,"[1.         0.99654753 1.00166093 0.97413817 1.0191695  0.99595465
 0.99622847 0.99520529 0.99921261 0.99976176 1.00476671 0.99771987
 0.99838061 0.99106789 0.99734779 0.99886256 0.99654753 1.00166093
 0.97413817 1.0191695  0.99595465 0.99622847 0.99520529 0.99921261
 0.99976176 1.00476671 0.99771987 0.99838061 0.99106789 0.99734779
 0.99886256]",1.1376873219856447,2016-07-01,21.0,"[[[1.00000000e+00 1.00000000e+00 1.00000000e+00 1.00000000e+00
   1.00000000e+00]]

 [[1.52905045e+00 1.59295630e+00 3.67599066e+01 3.94170059e-02
   1.00000000e+00]]

 [[2.30670213e+00 2.47487360e+00 7.38829007e+05 3.20627455e-06
   1.00000000e+00]]

 [[2.61011251e+00 2.78620698e+00 4.05753293e+05 1.79100965e-05
   1.00000000e+00]]

 [[1.64939198e+00 1.71165171e+00 5.03146116e+02 2.61093082e-03
   1.00000000e+00]]

 [[2.33544030e+00 2.61922348e+00 1.40898873e+05 2.93674011e-05
   1.00000000e+00]]

 [[1.37774541e+00 1.40107387e+00 1.29303729e+01 1.50764775e-01
   1.00000000e+00]]

 [[1.75734971e+00 1.79400819e+00 3.71024810e+04 2.29211221e-05
   1.00000000e+00]]

 [[1.49281337e+00 1.51721003e+00 9.49771924e+01 1.72915976e-02
   1.00000000e+00]]

 [[1.70277390e+00 1.77712839e+00 1.11097323e+03 2.12137038e-03
   1.00000000e+00]]

 [[1.70213258e+00 1.75719929e+00 4.75017381e+02 4.49300130e-03
   1.00000000e+00]]

 [[1.74473316e+00 1.79997989e+00 1.31971224e+03 1.79922865e-03
   1.00000000e+00]]

 [[1.29842464e+00 1.33489953e+00 4.83910354e+00 3.30604909e-01
   1.00000000e+00]]

 [[2.18210115e+00 2.28921075e+00 6.73967350e+08 9.65269246e-10
   1.00000000e+00]]

 [[1.54230475e+00 1.56592699e+00 1.65177200e+02 1.19014523e-02
   1.00000000e+00]]

 [[2.52573513e+00 2.63744165e+00 1.11038846e+03 3.27683979e-03
   1.00000000e+00]]]",2006-11-01
21,-0.058358589605713024,-0.058358589605713024,1.1154893248530056,0.9498640261475383,-0.05668837496271073,0.032258063554763794,0.11262576282024384,"[0.     0.     0.     0.0011 0.1156 0.     0.3345 0.     0.     0.
 0.     0.     0.     0.     0.     0.5479 0.     0.0009 0.     0.
 0.     0.     0.     0.     0.     0.     0.     0.     0.     0.
 0.    ]",0.0,1.1142672855649016,0.0012220392881039303,"[1.         0.98099619 0.8981535  0.87925556 0.97497623 0.95565705
 0.97418665 0.9146413  0.98691065 0.92219505 0.97470614 0.94919748
 0.9840556  0.92400873 0.98631707 0.91763521 0.98099619 0.8981535
 0.87925556 0.97497623 0.95565705 0.97418665 0.9146413  0.98691065
 0.92219505 0.97470614 0.94919748 0.9840556  0.92400873 0.98631707
 0.91763521]",1.0806482601582952,2016-07-01,22.0,"[[[1.00000000e+00 1.00000000e+00 1.00000000e+00 1.00000000e+00
   1.00000000e+00]]

 [[1.55116823e+00 1.60696114e+00 4.08674142e+01 3.89955951e-02
   1.00000000e+00]]

 [[2.37817301e+00 2.34790127e+00 8.24001833e+05 3.12239017e-06
   1.00000000e+00]]

 [[2.71602401e+00 2.67981953e+00 4.83184210e+05 1.72828541e-05
   1.00000000e+00]]

 [[1.66318632e+00 1.71424843e+00 5.59768150e+02 2.55292085e-03
   1.00000000e+00]]

 [[2.42450398e+00 2.55044974e+00 1.60533413e+05 2.81457173e-05
   1.00000000e+00]]

 [[1.37335781e+00 1.41304537e+00 1.32373004e+01 1.48966538e-01
   1.00000000e+00]]

 [[1.72896922e+00 1.69131948e+00 4.21104996e+04 2.15970605e-05
   1.00000000e+00]]

 [[1.49672643e+00 1.51992815e+00 1.02510991e+02 1.68922065e-02
   1.00000000e+00]]

 [[1.72944976e+00 1.64509807e+00 1.21879756e+03 2.08942551e-03
   1.00000000e+00]]

 [[1.69697294e+00 1.72837591e+00 5.05241817e+02 4.34763748e-03
   1.00000000e+00]]

 [[1.76465656e+00 1.74675271e+00 1.44042576e+03 1.75700310e-03
   1.00000000e+00]]

 [[1.31969859e+00 1.34094870e+00 5.26822847e+00 3.23079984e-01
   1.00000000e+00]]

 [[2.22050264e+00 2.15510920e+00 7.68997183e+08 8.52718852e-10
   1.00000000e+00]]

 [[1.55330041e+00 1.56876602e+00 1.77341374e+02 1.16688257e-02
   1.00000000e+00]]

 [[2.57962675e+00 2.37617480e+00 1.22859044e+03 3.22959399e-03
   1.00000000e+00]]]",2006-12-01
22,0.011540097063196164,0.011540097063196164,1.128436743480807,1.013052624113008,0.011606940863829074,0.032258063554763794,0.11263330280780792,"[0.     0.     0.     0.001  0.1158 0.     0.3341 0.     0.     0.
 0.     0.     0.     0.     0.     0.5482 0.     0.0009 0.     0.
 0.     0.     0.     0.     0.     0.     0.     0.     0.     0.
 0.    ]",0.0,1.127438056878291,0.0009986866025161157,"[1.         1.01446505 1.03098401 1.04057737 1.00836328 1.03813571
 0.99681537 0.9838504  1.00262126 1.01566612 0.99696872 1.01141917
 1.01638443 1.0175984  1.00712937 1.02133701 1.01446505 1.03098401
 1.04057737 1.00836328 1.03813571 0.99681537 0.9838504  1.00262126
 1.01566612 0.99696872 1.01141917 1.01638443 1.0175984  1.00712937
 1.02133701]",1.0947535556965176,2016-07-01,23.0,"[[[1.00000000e+00 1.00000000e+00 1.00000000e+00 1.00000000e+00
   1.00000000e+00]]

 [[1.56480569e+00 1.65653910e+00 4.26278287e+01 3.70029077e-02
   1.00000000e+00]]

 [[2.25616186e+00 2.50959354e+00 8.41256843e+05 2.64087117e-06
   1.00000000e+00]]

 [[2.61231640e+00 2.87016263e+00 4.94765786e+05 1.54107087e-05
   1.00000000e+00]]

 [[1.66570952e+00 1.80549763e+00 5.79926171e+02 2.42092539e-03
   1.00000000e+00]]

 [[2.36084305e+00 2.76838829e+00 1.65445735e+05 2.49249696e-05
   1.00000000e+00]]

 [[1.38509248e+00 1.43754119e+00 1.36185446e+01 1.44113683e-01
   1.00000000e+00]]

 [[1.63000333e+00 1.81289255e+00 4.22702056e+04 1.93618537e-05
   1.00000000e+00]]

 [[1.49940785e+00 1.55664475e+00 1.08401377e+02 1.60044520e-02
   1.00000000e+00]]

 [[1.60096169e+00 1.77171877e+00 1.23187517e+03 1.78497968e-03
   1.00000000e+00]]

 [[1.66913745e+00 1.80753833e+00 5.19787652e+02 3.99797083e-03
   1.00000000e+00]]

 [[1.71247392e+00 1.83393214e+00 1.47082210e+03 1.57290484e-03
   1.00000000e+00]]

 [[1.32567888e+00 1.37591410e+00 5.42256703e+00 3.02161072e-01
   1.00000000e+00]]

 [[2.09042599e+00 2.34983503e+00 8.78040984e+08 6.45508171e-10
   1.00000000e+00]]

 [[1.55611655e+00 1.60447518e+00 1.87715845e+02 1.10072882e-02
   1.00000000e+00]]

 [[2.32408709e+00 2.60012251e+00 1.14897389e+03 2.67322401e-03
   1.00000000e+00]]]",2007-01-01
23,-0.05262609544607241,-0.05262609544607241,1.0705870754235076,0.9726513145729081,-0.051265317609966,0.032258063554763794,0.11262033134698868,"[0.     0.     0.     0.001  0.116  0.     0.3339 0.     0.     0.
 0.     0.     0.     0.     0.     0.5482 0.     0.0009 0.     0.
 0.     0.     0.     0.     0.     0.     0.     0.     0.     0.
 0.    ]",0.0,1.0695137696421368,0.001073305781370717,"[1.         1.00879173 0.94869543 0.96181639 1.00151709 0.9737427
 1.00854451 0.94276018 1.00179153 0.92570581 0.98359698 0.97042901
 1.00453156 0.94142018 1.001813   0.90093929 1.00879173 0.94869543
 0.96181639 1.00151709 0.9737427  1.00854451 0.94276018 1.00179153
 0.92570581 0.98359698 0.97042901 1.00453156 0.94142018 1.001813
 0.90093929]",1.0648134850815831,2016-07-01,24.0,"[[[1.00000000e+00 1.00000000e+00 1.00000000e+00 1.00000000e+00
   1.00000000e+00]]

 [[1.61308307e+00 1.66535608e+00 4.73801312e+01 3.69007394e-02
   1.00000000e+00]]

 [[2.41153634e+00 2.54987866e+00 9.89515050e+05 2.64026967e-06
   1.00000000e+00]]

 [[2.79786487e+00 3.05215508e+00 5.86144844e+05 1.54071987e-05
   1.00000000e+00]]

 [[1.75437500e+00 1.80799708e+00 6.61851434e+02 2.42037398e-03
   1.00000000e+00]]

 [[2.56257951e+00 2.75065327e+00 2.02157937e+05 2.30054098e-05
   1.00000000e+00]]

 [[1.40910373e+00 1.43225444e+00 1.42895137e+01 1.44587756e-01
   1.00000000e+00]]

 [[1.74716896e+00 1.86765349e+00 4.96255469e+04 1.93574437e-05
   1.00000000e+00]]

 [[1.53562874e+00 1.55764776e+00 1.21151309e+02 1.60380277e-02
   1.00000000e+00]]

 [[1.72418527e+00 1.82431108e+00 1.44333477e+03 1.78497968e-03
   1.00000000e+00]]

 [[1.74558665e+00 1.82294258e+00 5.87858259e+02 3.99706021e-03
   1.00000000e+00]]

 [[1.79794252e+00 1.86350621e+00 1.73308889e+03 1.52619907e-03
   1.00000000e+00]]

 [[1.36024611e+00 1.38591915e+00 6.17109278e+00 2.94075810e-01
   1.00000000e+00]]

 [[2.27930735e+00 2.40775961e+00 1.10238045e+09 6.45361145e-10
   1.00000000e+00]]

 [[1.59153777e+00 1.60408333e+00 2.07041173e+02 1.10047811e-02
   1.00000000e+00]]

 [[2.54312568e+00 2.69154606e+00 1.35761472e+03 2.82359981e-03
   1.00000000e+00]]]",2007-02-01
24,0.06169790774133328,0.06169790774133328,1.1387202844555155,1.053478750948395,0.06364097848374972,0.032258063554763794,0.11261668056249619,"[0.     0.     0.     0.001  0.1162 0.     0.3336 0.     0.     0.
 0.     0.     0.     0.     0.     0.5483 0.     0.0009 0.     0.
 0.     0.     0.     0.     0.     0.     0.     0.     0.     0.
 0.    ]",0.0,1.1378358297896787,0.0008844546658367944,"[1.         1.030852   1.06886672 1.07102833 1.05322986 1.08545103
 1.01733548 1.07188061 1.0241568  1.07696848 1.04580162 1.04990943
 1.02607512 1.09035544 1.02276258 1.09424715 1.030852   1.06886672
 1.07102833 1.05322986 1.08545103 1.01733548 1.07188061 1.0241568
 1.07696848 1.04580162 1.04990943 1.02607512 1.09035544 1.02276258
 1.09424715]",1.1217583802567537,2016-07-01,25.0,"[[[1.00000000e+00 1.00000000e+00 1.00000000e+00 1.00000000e+00
   1.00000000e+00]]

 [[1.62166875e+00 1.68374598e+00 4.84900986e+01 3.56533555e-02
   1.00000000e+00]]

 [[2.45024740e+00 2.56720111e+00 1.05740726e+06 2.52743334e-06
   1.00000000e+00]]

 [[2.97527304e+00 3.15681229e+00 7.12254069e+05 1.53655992e-05
   1.00000000e+00]]

 [[1.75680367e+00 1.80275730e+00 6.77177399e+02 2.30400199e-03
   1.00000000e+00]]

 [[2.54616296e+00 2.79429394e+00 2.17086369e+05 2.15658072e-05
   1.00000000e+00]]

 [[1.40392156e+00 1.43350806e+00 1.44458824e+01 1.42322009e-01
   1.00000000e+00]]

 [[1.79994463e+00 1.87341320e+00 5.25080864e+04 1.90142691e-05
   1.00000000e+00]]

 [[1.53661821e+00 1.56775914e+00 1.24247279e+02 1.54453571e-02
   1.00000000e+00]]

 [[1.77536658e+00 1.83683916e+00 1.54537469e+03 1.74261601e-03
   1.00000000e+00]]

 [[1.76046293e+00 1.83018870e+00 6.03267195e+02 3.84008448e-03
   1.00000000e+00]]

 [[1.82693622e+00 1.87591359e+00 1.88923292e+03 1.46681712e-03
   1.00000000e+00]]

 [[1.37013723e+00 1.40253512e+00 6.35992056e+00 2.85956108e-01
   1.00000000e+00]]

 [[2.33549338e+00 2.44653121e+00 1.27197750e+09 6.01541123e-10
   1.00000000e+00]]

 [[1.59114908e+00 1.62243859e+00 2.09913870e+02 1.06214253e-02
   1.00000000e+00]]

 [[2.63254515e+00 2.69939476e+00 1.46723315e+03 2.78811405e-03
   1.00000000e+00]]]",2007-03-01
25,0.018097335695896877,0.018097335695896877,1.1595156908707491,1.014716533173094,0.018262084814952617,0.032258063554763794,0.11260416358709335,"[0.     0.     0.     0.001  0.1165 0.     0.3334 0.     0.     0.
 0.     0.     0.     0.     0.     0.5483 0.     0.0008 0.     0.
 0.     0.     0.     0.     0.     0.     0.     0.     0.     0.
 0.    ]",0.0,1.158539707650688,0.000975983220061067,"[1.         1.00532253 1.01605245 1.06340841 1.00138435 0.99359374
 0.99632236 1.03020639 1.00064434 1.02968434 1.00852223 1.01612604
 1.00727156 1.02465049 0.99975578 1.03516125 1.00532253 1.01605245
 1.06340841 1.00138435 0.99359374 0.99632236 1.03020639 1.00064434
 1.02968434 1.00852223 1.01612604 1.00727156 1.02465049 0.99975578
 1.03516125]",1.1382667746719985,2016-07-01,26.0,"[[[1.00000000e+00 1.00000000e+00 1.00000000e+00 1.00000000e+00
   1.00000000e+00]]

 [[1.63957623e+00 1.68264857e+00 5.09579120e+01 3.43167615e-02
   1.00000000e+00]]

 [[2.46689301e+00 2.60744665e+00 1.11249538e+06 2.35136711e-06
   1.00000000e+00]]

 [[3.07729399e+00 3.19610074e+00 7.84430996e+05 1.49978957e-05
   1.00000000e+00]]

 [[1.75171226e+00 1.80315368e+00 6.99933792e+02 2.14144306e-03
   1.00000000e+00]]

 [[2.58655927e+00 2.83133187e+00 2.47754378e+05 2.00513148e-05
   1.00000000e+00]]

 [[1.40515038e+00 1.43770930e+00 1.47211559e+01 1.40539905e-01
   1.00000000e+00]]

 [[1.80549553e+00 1.94316289e+00 5.56566656e+04 1.61890644e-05
   1.00000000e+00]]

 [[1.54659308e+00 1.57146606e+00 1.27839678e+02 1.48009658e-02
   1.00000000e+00]]

 [[1.78755854e+00 1.89182649e+00 1.61757784e+03 1.63066837e-03
   1.00000000e+00]]

 [[1.76746070e+00 1.84802072e+00 6.24329665e+02 3.65111305e-03
   1.00000000e+00]]

 [[1.83910012e+00 1.89717531e+00 1.98683917e+03 1.38783730e-03
   1.00000000e+00]]

 [[1.38656399e+00 1.40496593e+00 6.68405519e+00 2.73188048e-01
   1.00000000e+00]]

 [[2.37310130e+00 2.46718106e+00 1.38489310e+09 5.23822010e-10
   1.00000000e+00]]

 [[1.60935634e+00 1.62662217e+00 2.21606073e+02 1.01335968e-02
   1.00000000e+00]]

 [[2.64022181e+00 2.80594428e+00 1.52474869e+03 2.60302637e-03
   1.00000000e+00]]]",2007-04-01
26,0.001579718869326261,0.001579718869326261,1.1613488472415303,1.0087416077143005,0.0015809672824733667,0.032258063554763794,0.11259885132312775,"[0.     0.     0.     0.001  0.1167 0.     0.3332 0.     0.     0.
 0.     0.     0.     0.     0.     0.5483 0.     0.0008 0.     0.
 0.     0.     0.     0.     0.     0.     0.     0.     0.     0.
 0.    ]",0.0,1.1603653209246019,0.0009835263169284095,"[1.         1.01104262 1.00679344 1.03428961 0.99710189 1.01586557
 1.00087528 1.00308393 1.00649144 1.00686729 1.00397496 1.00665809
 1.01198913 1.01610277 1.01144283 1.00291606 1.01104262 1.00679344
 1.03428961 0.99710189 1.01586557 1.00087528 1.00308393 1.00649144
 1.00686729 1.00397496 1.00665809 1.01198913 1.01610277 1.01144283
 1.00291606]",1.1482170562904033,2016-07-01,27.0,"[[[1.00000000e+00 1.00000000e+00 1.00000000e+00 1.00000000e+00
   1.00000000e+00]]

 [[1.63850761e+00 1.67070615e+00 5.22842665e+01 3.32738425e-02
   1.00000000e+00]]

 [[2.50556604e+00 2.44313040e+00 1.18633838e+06 2.30672443e-06
   1.00000000e+00]]

 [[3.11559279e+00 2.88714553e+00 8.26099892e+05 1.41734297e-05
   1.00000000e+00]]

 [[1.75209742e+00 1.79147182e+00 7.20040403e+02 2.00605296e-03
   1.00000000e+00]]

 [[2.62084371e+00 2.75311921e+00 2.67737626e+05 1.91661812e-05
   1.00000000e+00]]

 [[1.40926851e+00 1.43350767e+00 1.49033391e+01 1.38959020e-01
   1.00000000e+00]]

 [[1.87271655e+00 1.82796897e+00 6.10843727e+04 1.54229072e-05
   1.00000000e+00]]

 [[1.55024995e+00 1.57292403e+00 1.31641940e+02 1.45334380e-02
   1.00000000e+00]]

 [[1.84107062e+00 1.78709899e+00 1.73976595e+03 1.61372197e-03
   1.00000000e+00]]

 [[1.78468155e+00 1.81678886e+00 6.48103230e+02 3.43335329e-03
   1.00000000e+00]]

 [[1.85994458e+00 1.83230189e+00 2.08533468e+03 1.32489417e-03
   1.00000000e+00]]

 [[1.38896712e+00 1.39898924e+00 6.90129439e+00 2.67809445e-01
   1.00000000e+00]]

 [[2.39313137e+00 2.34931595e+00 1.54581768e+09 4.80064339e-10
   1.00000000e+00]]

 [[1.61350618e+00 1.64023407e+00 2.27878992e+02 9.92694349e-03
   1.00000000e+00]]

 [[2.74443567e+00 2.61917677e+00 1.65032067e+03 2.61389666e-03
   1.00000000e+00]]]",2007-05-01
27,,,,,,,,,,,,,,,,,2007-06-01
28,,,,,,,,,,,,,,,,,2007-07-01
29,,,,,,,,,,,,,,,,,2007-08-01
30,,,,,,,,,,,,,,,,,2007-09-01
31,,,,,,,,,,,,,,,,,2007-10-01
32,,,,,,,,,,,,,,,,,2007-11-01
33,,,,,,,,,,,,,,,,,2007-12-01
34,,,,,,,,,,,,,,,,,2008-01-01
35,,,,,,,,,,,,,,,,,2008-02-01
36,,,,,,,,,,,,,,,,,2008-03-01
37,,,,,,,,,,,,,,,,,2008-04-01
38,,,,,,,,,,,,,,,,,2008-05-01
39,,,,,,,,,,,,,,,,,2008-06-01
40,,,,,,,,,,,,,,,,,2008-07-01
41,,,,,,,,,,,,,,,,,2008-08-01
42,,,,,,,,,,,,,,,,,2008-09-01
43,,,,,,,,,,,,,,,,,2008-10-01
44,,,,,,,,,,,,,,,,,2008-11-01
45,,,,,,,,,,,,,,,,,2008-12-01
46,,,,,,,,,,,,,,,,,2009-01-01
47,,,,,,,,,,,,,,,,,2009-02-01
48,,,,,,,,,,,,,,,,,2009-03-01
49,,,,,,,,,,,,,,,,,2009-04-01
50,,,,,,,,,,,,,,,,,2009-05-01
51,,,,,,,,,,,,,,,,,2009-06-01
52,,,,,,,,,,,,,,,,,2009-07-01
53,,,,,,,,,,,,,,,,,2009-08-01
54,,,,,,,,,,,,,,,,,2009-09-01
55,,,,,,,,,,,,,,,,,2009-10-01
56,,,,,,,,,,,,,,,,,2009-11-01
57,,,,,,,,,,,,,,,,,2009-12-01
58,,,,,,,,,,,,,,,,,2010-01-01
59,,,,,,,,,,,,,,,,,2010-02-01
60,,,,,,,,,,,,,,,,,2010-03-01
61,,,,,,,,,,,,,,,,,2010-04-01
62,,,,,,,,,,,,,,,,,2010-05-01
63,,,,,,,,,,,,,,,,,2010-06-01
64,,,,,,,,,,,,,,,,,2010-07-01
65,,,,,,,,,,,,,,,,,2010-08-01
66,,,,,,,,,,,,,,,,,2010-09-01
67,,,,,,,,,,,,,,,,,2010-10-01
68,,,,,,,,,,,,,,,,,2010-11-01
69,,,,,,,,,,,,,,,,,2010-12-01
70,,,,,,,,,,,,,,,,,2011-01-01
71,,,,,,,,,,,,,,,,,2011-02-01
72,,,,,,,,,,,,,,,,,2011-03-01
73,,,,,,,,,,,,,,,,,2011-04-01
74,,,,,,,,,,,,,,,,,2011-05-01
75,,,,,,,,,,,,,,,,,2011-06-01
76,,,,,,,,,,,,,,,,,2011-07-01
77,,,,,,,,,,,,,,,,,2011-08-01
78,,,,,,,,,,,,,,,,,2011-09-01
79,,,,,,,,,,,,,,,,,2011-10-01
80,,,,,,,,,,,,,,,,,2011-11-01
81,,,,,,,,,,,,,,,,,2011-12-01
82,,,,,,,,,,,,,,,,,2012-01-01
83,,,,,,,,,,,,,,,,,2012-02-01
84,,,,,,,,,,,,,,,,,2012-03-01
85,,,,,,,,,,,,,,,,,2012-04-01
86,,,,,,,,,,,,,,,,,2012-05-01
87,,,,,,,,,,,,,,,,,2012-06-01
88,,,,,,,,,,,,,,,,,2012-07-01
89,,,,,,,,,,,,,,,,,2012-08-01
90,,,,,,,,,,,,,,,,,2012-09-01
91,,,,,,,,,,,,,,,,,2012-10-01
92,,,,,,,,,,,,,,,,,2012-11-01
93,,,,,,,,,,,,,,,,,2012-12-01
94,,,,,,,,,,,,,,,,,2013-01-01
95,,,,,,,,,,,,,,,,,2013-02-01
96,,,,,,,,,,,,,,,,,2013-03-01
97,,,,,,,,,,,,,,,,,2013-04-01
98,,,,,,,,,,,,,,,,,2013-05-01
99,,,,,,,,,,,,,,,,,2013-06-01
100,,,,,,,,,,,,,,,,,2013-07-01
101,,,,,,,,,,,,,,,,,2013-08-01
102,,,,,,,,,,,,,,,,,2013-09-01
103,,,,,,,,,,,,,,,,,2013-10-01
104,,,,,,,,,,,,,,,,,2013-11-01
105,,,,,,,,,,,,,,,,,2013-12-01
106,,,,,,,,,,,,,,,,,2014-01-01
107,,,,,,,,,,,,,,,,,2014-02-01
108,,,,,,,,,,,,,,,,,2014-03-01
109,,,,,,,,,,,,,,,,,2014-04-01
110,,,,,,,,,,,,,,,,,2014-05-01
111,,,,,,,,,,,,,,,,,2014-06-01
112,,,,,,,,,,,,,,,,,2014-07-01
113,,,,,,,,,,,,,,,,,2014-08-01
114,,,,,,,,,,,,,,,,,2014-09-01
115,,,,,,,,,,,,,,,,,2014-10-01
116,,,,,,,,,,,,,,,,,2014-11-01
117,,,,,,,,,,,,,,,,,2014-12-01
118,,,,,,,,,,,,,,,,,2015-01-01
119,,,,,,,,,,,,,,,,,2015-02-01
120,,,,,,,,,,,,,,,,,2015-03-01
121,,,,,,,,,,,,,,,,,2015-04-01
122,,,,,,,,,,,,,,,,,2015-05-01
123,,,,,,,,,,,,,,,,,2015-06-01
124,,,,,,,,,,,,,,,,,2015-07-01
125,,,,,,,,,,,,,,,,,2015-08-01
126,,,,,,,,,,,,,,,,,2015-09-01
127,,,,,,,,,,,,,,,,,2015-10-01
128,,,,,,,,,,,,,,,,,2015-11-01
129,,,,,,,,,,,,,,,,,2015-12-01
130,,,,,,,,,,,,,,,,,2016-01-01
131,,,,,,,,,,,,,,,,,2016-02-01
132,,,,,,,,,,,,,,,,,2016-03-01
133,,,,,,,,,,,,,,,,,2016-04-01
134,,,,,,,,,,,,,,,,,2016-05-01
135,,,,,,,,,,,,,,,,,2016-06-01
136,,,,,,,,,,,,,,,,,2016-07-01
137,,,,,,,,,,,,,,,,,2016-08-01
138,,,,,,,,,,,,,,,,,2016-09-01
139,,,,,,,,,,,,,,,,,2016-10-01
140,,,,,,,,,,,,,,,,,2016-11-01
